<?xml version="1.0" encoding="UTF-8"?>
<project-private xmlns="http://www.netbeans.org/ns/project-private/1">
    <editor-bookmarks xmlns="http://www.netbeans.org/ns/editor-bookmarks/2" lastBookmarkId="0"/>
    <open-files xmlns="http://www.netbeans.org/ns/projectui-open-files/2">
        <group>
            <file>file:/C:/Users/Kavindi%20Gayaththri/Desktop/ITPM/TimeTableManagementSystem/src/timetablemanagementsystem/statistics/views/FXMLInterface5_1Controller.java</file>
            <file>file:/C:/Users/Kavindi%20Gayaththri/Desktop/ITPM/TimeTableManagementSystem/src/timetablemanagementsystem/statistics/views/FXMLInterface5Controller.java</file>
            <file>file:/C:/Users/Kavindi%20Gayaththri/Desktop/ITPM/TimeTableManagementSystem/src/timetablemanagementsystem/studentpackage/controllers/Academic_detailesController.java</file>
        </group>
    </open-files>
</project-private>
